{"cameraMode":{"drawMode":0,"name":"Shaded","section":"Shading Mode"},"sceneLighting":false,"audioPlay":false,"sceneViewState":{"m_AlwaysRefresh":false,"showFog":true,"showSkybox":false,"showFlares":true,"showImageEffects":true,"showParticleSystems":true,"showVisualEffectGraphs":true,"m_FxEnabled":true},"in2DMode":false,"pivot":{"x":471.57000732421877,"y":15.15999984741211,"z":468.9599914550781},"rotation":{"x":0.04976949095726013,"y":-0.02755933627486229,"z":0.0013715593377128244,"w":0.998371422290802},"size":4.305017471313477,"orthographic":false}